ansible-role-jenkins-plugins,8,red hat,7,0.875,yes
fuel-plugin-vxlan,2,openstack foundation,1,0.5,yes
oslosphinx,61,hpe,18,0.29508196721311475,no
tempest-plugin-cookiecutter,3,nec,2,0.6666666666666666,yes
python-tricircleclient,29,intel,12,0.41379310344827586,no
fuel-plugin-vmware-dvs,168,mirantis,168,1.0,yes
watcher-tempest-plugin,69,b<>com,27,0.391304347826087,no
ironic-staging-drivers,78,mirantis,50,0.6410256410256411,yes
fuel-plugin-cinder-netapp,35,mirantis,27,0.7714285714285715,yes
swiftonfile,313,red hat,298,0.952076677316294,yes
airship-berth,9,dell,7,0.7777777777777778,yes
ansible-role-k8s-keystone,18,independent,15,0.8333333333333334,yes
python-tackerclient,156,independent,26,0.16666666666666666,no
osops-coda,2,fujitsu,1,0.5,yes
bareon,275,mirantis,253,0.92,yes
os-performance-tools,27,ibm,25,0.9259259259259259,yes
monitorstack,49,rackspace,36,0.7346938775510204,yes
molteniron,31,ibm,27,0.8709677419354839,yes
congress-dashboard,39,nec,23,0.5897435897435898,yes
murano-plugin-networking-sfc,5,mirantis,5,1.0,yes
debtcollector,60,yahoo!,23,0.38333333333333336,no
ansible-role-systemd_service,21,rackspace,13,0.6190476190476191,yes
vitrage,918,nokia,715,0.7788671023965141,yes
networking-midonet,750,midokura,591,0.788,yes
puppet-setproxy,1,hp,1,1.0,yes
monasca-transform,86,hpe,34,0.3953488372093023,no
tempest-lib,199,hpe,58,0.2914572864321608,no
charm-barbican,61,canonical,60,0.9836065573770492,yes
charm-keystone-ldap,29,canonical,28,0.9655172413793104,yes
fuel-plugin-ldap-slaves,1,independent,1,1.0,yes
kiloeyes,25,ibm,17,0.68,yes
alexandria,30,independent,28,0.9333333333333333,yes
neutron-fwaas,725,red hat,100,0.13793103448275862,no
ansible-role-redhat-subscription,15,red hat,14,0.9333333333333333,yes
puppet-openstack_extras,130,red hat,66,0.5076923076923077,yes
openstack-ansible-os_monasca,77,rackspace,36,0.4675324675324675,no
openstack-ansible-galera_server,197,rackspace,99,0.5025380710659898,yes
radar,33,rackspace,30,0.9090909090909091,yes
charm-percona-cluster,364,canonical,342,0.9395604395604396,yes
python-qinlingclient,45,catalyst it,29,0.6444444444444445,yes
horizon,6168,independent,786,0.12743190661478598,no
sahara-dashboard,412,mirantis,240,0.5825242718446602,yes
puppet-monasca,186,charter,102,0.5483870967741935,yes
fuel-plugin-neutron-vpnaas,24,independent,12,0.5,yes
zun,985,huawei,303,0.30761421319796955,no
openstack-ansible-os_monasca-agent,33,rackspace,9,0.2727272727272727,no
puppet-openstack-specs,18,red hat,6,0.3333333333333333,no
ansible-role-ara,31,red hat,29,0.9354838709677419,yes
ekko,14,servosity,8,0.5714285714285714,yes
openstack-ansible-os_sahara,109,rackspace,58,0.5321100917431193,yes
osc-lib,440,ibm,74,0.16818181818181818,no
karbor,527,huawei,214,0.4060721062618596,no
cloudkitty-tempest-plugin,4,objectif libre,3,0.75,yes
sahara-plugin-spark,175,mirantis,77,0.44,no
tc-as-a-service,34,independent,29,0.8529411764705882,yes
osops-tools-monitoring,43,red hat,31,0.7209302325581395,yes
mogan-specs,8,huawei,4,0.5,yes
charm-ironic,1,internap,1,1.0,yes
steth,78,unitedstack,69,0.8846153846153846,yes
openstack-ansible-lxc_container_create,148,rackspace,85,0.5743243243243243,yes
python-distilclient,17,catalyst it,12,0.7058823529411765,yes
salt-formula-kubernetes,61,tcp cloud,46,0.7540983606557377,yes
ceilometer,708,red hat,253,0.3573446327683616,no
python-mistralclient,317,mirantis,74,0.2334384858044164,no
cookbook-openstack-integration-test,47,ibm,13,0.2765957446808511,no
snap-nova,22,canonical,21,0.9545454545454546,yes
tempest,4847,nec,956,0.19723540334227357,no
xstatic-font-awesome,4,independent,2,0.5,yes
fuel-ccp-elasticsearch,1,mirantis,1,1.0,yes
charm-neutron-dynamic-routing,17,canonical,15,0.8823529411764706,yes
python-heatclient,572,red hat,217,0.3793706293706294,no
instack-undercloud,1496,red hat,1453,0.9712566844919787,yes
fuel-plugin-external-emc,12,mirantis,11,0.9166666666666666,yes
cloudbase-init,345,cloudbase solutions,322,0.9333333333333333,yes
pbrx,22,red hat,18,0.8181818181818182,yes
fuel-upgrade,123,mirantis,79,0.6422764227642277,yes
cloudcafe,542,rackspace,470,0.8671586715867159,yes
python-zaqarclient,220,independent,80,0.36363636363636365,no
keystoneauth-saml2,25,ibm,8,0.32,no
ironic-python-agent-builder,1,red hat,1,1.0,yes
oslo.service,273,mirantis,67,0.2454212454212454,no
fuel-plugin-networking-sfc,7,mirantis,7,1.0,yes
networking-mlnx,378,mellanox,125,0.3306878306878307,no
cookbook-openstack-ops-database,93,ibm,27,0.2903225806451613,no
puppet-manila,247,red hat,98,0.3967611336032389,no
cerberus-dashboard,3,independent,2,0.6666666666666666,yes
certbot-dns-openstack,2,99cloud,1,0.5,yes
goal-tools,192,red hat,188,0.9791666666666666,yes
python-adjutantclient,24,catalyst it,24,1.0,yes
devstack-plugin-kafka,4,red hat,4,1.0,yes
salt-formula-opencontrail,72,tcp cloud,43,0.5972222222222222,yes
watcher-dashboard,77,zte corporation,19,0.24675324675324675,no
tuning-box,99,mirantis,96,0.9696969696969697,yes
oslo.messaging,1138,red hat,472,0.4147627416520211,no
trio2o,176,huawei,86,0.48863636363636365,no
kayobe-config,1,cray,1,1.0,yes
evoque-dashboard,9,independent,6,0.6666666666666666,yes
cinder-tempest-plugin,24,red hat,5,0.20833333333333334,no
puppet-ceph,275,red hat,119,0.43272727272727274,no
devstack-plugin-glusterfs,42,red hat,39,0.9285714285714286,yes
patrole,374,at&t,301,0.8048128342245989,yes
ansible-role-whisper,3,rackspace,2,0.6666666666666666,yes
iotronic-lightning-rod,11,sina,10,0.9090909090909091,yes
openstack-ansible-os_glance,248,rackspace,155,0.625,yes
compass-adapters,138,huawei,88,0.6376811594202898,yes
python-monascaclient,194,hp,90,0.4639175257731959,no
designate-tempest-plugin,65,hpe,16,0.24615384615384617,no
gertty,341,hp,138,0.4046920821114369,no
cookbook-openstack-orchestration,109,ibm,63,0.5779816513761468,yes
daisycloud-core,423,zte corporation,376,0.8888888888888888,yes
fuel-ccp-rabbitmq,33,mirantis,27,0.8181818181818182,yes
openstack-doc-tools,636,suse,223,0.35062893081761004,no
networking-huawei,9,huawei,8,0.8888888888888888,yes
octavia-dashboard,149,ibm,50,0.33557046979865773,no
conveyor,1,suse,1,1.0,yes
windmill,150,red hat,146,0.9733333333333334,yes
tobiko,2,intel,1,0.5,yes
sphinx-feature-classification,15,openstack foundation,7,0.4666666666666667,no
fuel-ccp-specs,2,mirantis,2,1.0,yes
tacker,621,independent,98,0.15780998389694043,no
python-don,12,red hat,5,0.4166666666666667,no
xstatic-angular-smart-table,3,rackspace,2,0.6666666666666666,yes
ranger,63,at&t,53,0.8412698412698413,yes
stackube,61,hyperhq,21,0.3442622950819672,no
fuel-docs,1017,mirantis,910,0.8947885939036382,yes
kingbird,126,ericsson,58,0.4603174603174603,no
python-cloudkittyclient,64,objectif libre,25,0.390625,no
cookbook-openstack-client,9,ibm,4,0.4444444444444444,no
charm-interface-rabbitmq,4,canonical,4,1.0,yes
blazar-tempest-plugin,8,red hat,3,0.375,no
openstack-ansible-os_cinder,287,rackspace,181,0.6306620209059234,yes
oswin-tempest-plugin,25,cloudbase solutions,21,0.84,yes
swauth,124,independent,62,0.5,yes
fuel-ccp-installer,271,mirantis,263,0.9704797047970479,yes
cloud-init,1705,canonical,823,0.4826979472140763,no
oslo-incubator,1345,red hat,298,0.22156133828996283,no
loci-designate,1,rackspace,1,1.0,yes
fuel-plugin-ironic,9,mirantis,8,0.8888888888888888,yes
openstack-map,6,openstack foundation,6,1.0,yes
networking-bgpvpn,365,orange,213,0.5835616438356165,yes
charm-cinder-backup,39,canonical,35,0.8974358974358975,yes
cookbook-openstack-block-storage,295,at&t,101,0.3423728813559322,no
app-catalog,210,mirantis,117,0.5571428571428572,yes
python-glareclient,44,mirantis,20,0.45454545454545453,no
karbor-dashboard,69,huawei,31,0.4492753623188406,no
fuel-plugin-dbaas-trove,5,independent,3,0.6,yes
cookbook-openstack-image,293,at&t,106,0.36177474402730375,no
snap-nova-hypervisor,31,canonical,31,1.0,yes
bifrost,711,hp,267,0.3755274261603376,no
salt-formula-keystone,49,tcp cloud,31,0.6326530612244898,yes
refstack,402,ibm,126,0.31343283582089554,no
salt-formula-heat,37,tcp cloud,18,0.4864864864864865,no
cyborg,69,huawei,13,0.18840579710144928,no
fuel-ccp-horizon,42,mirantis,31,0.7380952380952381,yes
vmware-nsx,5453,vmware,2132,0.39097744360902253,no
openstack-ansible-os_monasca-ui,14,independent,5,0.35714285714285715,no
fuel-plugin-influxdb-grafana,262,mirantis,189,0.7213740458015268,yes
magnum,1898,nec,255,0.13435194942044257,no
cookbook-openstack-common,305,ibm,80,0.26229508196721313,no
charm-manila,22,canonical,18,0.8181818181818182,yes
ironic-specs,175,rackspace,23,0.13142857142857142,no
murano-deployment,259,mirantis,235,0.9073359073359073,yes
charm-swift-proxy,499,canonical,475,0.9519038076152304,yes
openstack-ansible-rsyslog_server,74,rackspace,40,0.5405405405405406,yes
cookbook-openstack-telemetry,116,ibm,47,0.4051724137931034,no
novajoin-tempest-plugin,27,red hat,26,0.9629629629629629,yes
trove,1775,tesora,440,0.24788732394366197,no
python-redfish,183,independent,100,0.546448087431694,yes
pylockfile,40,independent,23,0.575,yes
oslo.utils,285,red hat,40,0.14035087719298245,no
networking-baremetal,26,red hat,12,0.46153846153846156,no
stx-integ,133,wind river system,89,0.6691729323308271,yes
openstack-salt,37,umcloud,25,0.6756756756756757,yes
neutron-tempest-plugin,225,red hat,91,0.40444444444444444,no
fuel-plugin-glance-nfs,4,orange,3,0.75,yes
meteos-ui,22,nec,21,0.9545454545454546,yes
osops-tools-generic,20,godaddy,5,0.25,no
panko,571,red hat,179,0.3134851138353765,no
charm-odl-controller,66,canonical,63,0.9545454545454546,yes
ironic-ui,137,cray,65,0.4744525547445255,no
networking-ofagent,351,va linux,80,0.22792022792022792,no
puppet-oslo,122,red hat,41,0.3360655737704918,no
fuel-plugin-saltstack,1,independent,1,1.0,yes
performa,37,mirantis,37,1.0,yes
python-vitrageclient,135,nokia,96,0.7111111111111111,yes
openstack-ansible-os_trove,103,rackspace,50,0.4854368932038835,no
fuel-plugin-scaleio-cinder,22,dell,17,0.7727272727272727,yes
blazar,344,ntt,127,0.3691860465116279,no
ansible-role-zookeeper,2,red hat,2,1.0,yes
tripleo-ui,587,red hat,574,0.9778534923339012,yes
charm-interface-bgp,9,canonical,9,1.0,yes
tuskar-ui,677,red hat,646,0.9542097488921714,yes
fuel-plugin-mellanox,128,mellanox,127,0.9921875,yes
salt-formula-neutron,49,tcp cloud,26,0.5306122448979592,yes
fuxi-kubernetes,5,huawei,5,1.0,yes
os-api-ref,59,hpe,21,0.3559322033898305,no
openstack-ansible-os_zun,19,rackspace,10,0.5263157894736842,yes
fuel-ccp-sahara,8,dell,5,0.625,yes
api-sig,103,mirantis,29,0.2815533980582524,no
devstack-plugin-hdfs,17,intel,8,0.47058823529411764,no
networking-extreme,2,independent,2,1.0,yes
ooi,211,spanish national research council,114,0.5402843601895735,yes
python-namosclient,2,huawei,1,0.5,yes
almanach,100,internap,85,0.85,yes
oslo.config,508,red hat,174,0.3425196850393701,no
openstack-ansible-os_panko,25,rackspace,11,0.44,no
doc8,104,yahoo!,79,0.7596153846153846,yes
loci-heat,19,rackspace,11,0.5789473684210527,yes
mistral-extra,81,mirantis,57,0.7037037037037037,yes
astara,579,dreamhost,358,0.6183074265975821,yes
fuel-plugin-purestorage-cinder,47,red hat,46,0.9787234042553191,yes
networking-arista,160,arista networks,97,0.60625,yes
js-openstack-lib,66,hpe,41,0.6212121212121212,yes
governance-sigs,4,openstack foundation,2,0.5,yes
python-glanceclient,588,rackspace,86,0.14625850340136054,no
openstack-ansible,2391,rackspace,1688,0.7059807611877875,yes
terracotta,607,independent,568,0.9357495881383855,yes
bareon-image-elements,7,mirantis,7,1.0,yes
solum,823,rackspace,429,0.5212636695018226,yes
xstatic-bootswatch,3,cisco systems,1,0.3333333333333333,no
k8s-cloud-provider,102,independent,21,0.20588235294117646,no
ansible-role-qdrouterd,9,red hat,6,0.6666666666666666,yes
salt-formula-midonet,3,tcp cloud,2,0.6666666666666666,yes
downpour,42,red hat,42,1.0,yes
ironic-inspector-tempest-plugin,1,intel,1,1.0,yes
fuel-ccp-glance,48,mirantis,38,0.7916666666666666,yes
requirements,2264,red hat,445,0.1965547703180212,no
fuel-plugin-manila,84,mirantis,78,0.9285714285714286,yes
python-solumclient,231,rackspace,137,0.5930735930735931,yes
xstatic-angular-ui-router,4,rackspace,3,0.75,yes
charm-swift-storage,354,canonical,335,0.9463276836158192,yes
fuel-plugin-mistral,5,mirantis,5,1.0,yes
magnum-tempest-plugin,90,huawei,12,0.13333333333333333,no
charm-interface-mysql-shared,1,canonical,1,1.0,yes
neutron-dynamic-routing,281,red hat,45,0.1601423487544484,no
xstatic-angular-mock,2,rackspace,1,0.5,yes
loci-horizon,2,rackspace,1,0.5,yes
puppet-openstack-cookiecutter,107,red hat,46,0.42990654205607476,no
openstack-resource-agents,127,independent,60,0.47244094488188976,no
python-group-based-policy-client,42,cisco systems,26,0.6190476190476191,yes
zun-ui,117,nec,91,0.7777777777777778,yes
ansible-role-cloud-launcher,22,hpe,22,1.0,yes
automaton,84,yahoo!,55,0.6547619047619048,yes
loci-cinder,21,rackspace,12,0.5714285714285714,yes
release-test,8,red hat,4,0.5,yes
puppet-modulesync-configs,25,red hat,15,0.6,yes
os-vif,116,red hat,50,0.43103448275862066,no
loci-swift,1,rackspace,1,1.0,yes
sticks,9,independent,7,0.7777777777777778,yes
openstack-ansible-os_rally,94,rackspace,55,0.5851063829787234,yes
openstackdocstheme,212,suse,51,0.24056603773584906,no
magnetodb-specs,10,mirantis,5,0.5,yes
mistral-tempest-plugin,57,red hat,14,0.24561403508771928,no
neutron-specs,109,hpe,28,0.25688073394495414,no
python-scciclient,42,fujitsu,30,0.7142857142857143,yes
osops-example-configs,4,godaddy,2,0.5,yes
cookbook-openstack-dashboard,280,rackspace,89,0.31785714285714284,no
charm-neutron-api,592,canonical,487,0.8226351351351351,yes
cookbook-openstack-data-processing,10,ibm,4,0.4,no
openstack-ansible-os_keystone,303,rackspace,197,0.6501650165016502,yes
whereto,36,red hat,32,0.8888888888888888,yes
osprofiler,196,mirantis,86,0.4387755102040816,no
cue-dashboard,25,hp,18,0.72,yes
turbo-hipster,259,rackspace,247,0.9536679536679536,yes
xstatic-jsencrypt,4,cisco systems,2,0.5,yes
ironic-lib,479,hpe,95,0.19832985386221294,no
xstatic-angular-bootstrap,11,rackspace,7,0.6363636363636364,yes
python-watcherclient,144,b<>com,29,0.2013888888888889,no
charm-heat,197,canonical,195,0.9898477157360406,yes
nova-lxd,720,canonical,550,0.7638888888888888,yes
workload-ref-archs,18,intel,12,0.6666666666666666,yes
fuel-ccp-cinder,27,mirantis,20,0.7407407407407407,yes
oslo.log,345,red hat,68,0.19710144927536233,no
keystone-specs,181,ibm,49,0.27071823204419887,no
networking-l2gw-tempest-plugin,103,hp,57,0.5533980582524272,yes
congress-specs,23,vmware,13,0.5652173913043478,yes
puppet-tripleo,756,red hat,655,0.8664021164021164,yes
fuel-plugin-elasticsearch-kibana,228,mirantis,154,0.6754385964912281,yes
syntribos,282,independent,169,0.599290780141844,yes
devstack-plugin-libvirt-qemu,2,mirantis,1,0.5,yes
castellan,127,jhu/apl,33,0.25984251968503935,no
monasca-ceilometer,90,hp,24,0.26666666666666666,no
kuryr-tempest-plugin,58,red hat,46,0.7931034482758621,yes
octavia-tempest-plugin,28,godaddy,12,0.42857142857142855,no
cookbook-openstack-database,31,ibm,14,0.45161290322580644,no
stackalytics,1265,mirantis,425,0.3359683794466403,no
ci-cd-pipeline-app-murano,158,mirantis,137,0.8670886075949367,yes
browbeat,652,red hat,613,0.9401840490797546,yes
puppet-ironic,310,red hat,174,0.5612903225806452,yes
os-client-config,55,red hat,19,0.34545454545454546,no
python-valenceclient,8,independent,4,0.5,yes
openstack-ansible-os_heat,197,rackspace,123,0.6243654822335025,yes
packetary,118,mirantis,112,0.9491525423728814,yes
stx-tools,101,intel,77,0.7623762376237624,yes
ovsdbapp,149,red hat,95,0.6375838926174496,yes
python-cinderclient,671,independent,76,0.11326378539493294,no
fuel-menu,254,mirantis,240,0.9448818897637795,yes
loci-glance,29,rackspace,21,0.7241379310344828,yes
service-types-authority,28,red hat,14,0.5,yes
senlin-dashboard,271,independent,78,0.2878228782287823,no
rally,2812,mirantis,1593,0.5665007112375533,yes
ansible-role-container-registry,29,red hat,29,1.0,yes
charm-gnocchi,57,canonical,54,0.9473684210526315,yes
mistral,1667,mirantis,708,0.4247150569886023,no
marshal,2,cisco systems,2,1.0,yes
fuel-ccp-ceph,7,mirantis,5,0.7142857142857143,yes
eslint-config-openstack,68,hpe,48,0.7058823529411765,yes
bareon-specs,2,mirantis,2,1.0,yes
loci-murano,1,rackspace,1,1.0,yes
solum-dashboard,72,99cloud,36,0.5,yes
ansible-role-shade,26,red hat,25,0.9615384615384616,yes
proliantutils,170,hp,80,0.47058823529411764,no
neutron-vpnaas-dashboard,53,nec,36,0.6792452830188679,yes
adjutant,218,catalyst it,213,0.9770642201834863,yes
watcher,778,b<>com,225,0.2892030848329049,no
python-aodhclient,160,red hat,88,0.55,yes
charm-interface-neutron-plugin,1,canonical,1,1.0,yes
python-kingbirdclient,22,hp,11,0.5,yes
arch-wg,2,openstack foundation,2,1.0,yes
ansible-role-grafyaml,2,red hat,2,1.0,yes
tripleo-common-tempest-plugin,4,red hat,3,0.75,yes
fuel-plugin-detach-haproxy,6,mirantis,6,1.0,yes
puppet-tacker,78,independent,36,0.46153846153846156,no
security-doc,546,suse,78,0.14285714285714285,no
monasca-tempest-plugin,132,hp,35,0.26515151515151514,no
vitrage-specs,49,nokia,35,0.7142857142857143,yes
python-magnetodbclient,32,symantec,27,0.84375,yes
pyghmi,413,lenovo,235,0.5690072639225182,yes
keystone,5893,rackspace,1926,0.326828440522654,no
castellan-ui,9,jhu/apl,6,0.6666666666666666,yes
monasca-agent,873,hp,534,0.6116838487972509,yes
vmware-nsxlib,208,vmware,173,0.8317307692307693,yes
governance-website,1,independent,1,1.0,yes
ansible-role-python_venv_build,27,rackspace,22,0.8148148148148148,yes
gluon,70,at&t,37,0.5285714285714286,yes
ansible-role-statsd,4,red hat,4,1.0,yes
kayobe-config-dev,21,cray,19,0.9047619047619048,yes
installguide-cookiecutter,15,nokia,3,0.2,no
oslo-specs,51,hpe,18,0.35294117647058826,no
devstack-tools,22,ibm,22,1.0,yes
tooz,339,red hat,152,0.44837758112094395,no
fuel-plugin-congress,9,mirantis,9,1.0,yes
nova-docker,136,ibm,29,0.21323529411764705,no
qinling-dashboard,5,ntt,5,1.0,yes
python-cratonclient,70,rackspace,49,0.7,yes
charms.ceph,80,canonical,64,0.8,yes
xstatic-angular-lrdragndrop,2,independent,1,0.5,yes
yaql,148,mirantis,132,0.8918918918918919,yes
fuel-ccp-murano,13,dell,7,0.5384615384615384,yes
python-evoqueclient,8,99cloud,3,0.375,no
oslo.vmware,192,vmware,97,0.5052083333333334,yes
upstream-institute-virtual-environment,49,independent,21,0.42857142857142855,no
os-log-merger,41,red hat,40,0.975609756097561,yes
fixtures-git,2,at&t,1,0.5,yes
puppet-barbican,152,red hat,60,0.39473684210526316,no
swift3,321,ntt,126,0.3925233644859813,no
openstack-ansible-os_gnocchi,223,rackspace,162,0.726457399103139,yes
boartty,21,red hat,18,0.8571428571428571,yes
distil,379,catalyst it,363,0.9577836411609498,yes
python-ganttclient,3260,rackspace,1220,0.37423312883435583,no
fuel-plugin-zabbix-monitoring-emc,22,mirantis,19,0.8636363636363636,yes
devstack-plugin-container,7,huawei,3,0.42857142857142855,no
openstack-ansible-os_designate,153,rackspace,85,0.5555555555555556,yes
airship-utils,17,independent,17,1.0,yes
openstack-ansible-pip_install,154,rackspace,95,0.6168831168831169,yes
kayobe,467,cray,355,0.7601713062098501,yes
networking-ovn,855,red hat,344,0.4023391812865497,no
solum-tempest-plugin,7,99cloud,4,0.5714285714285714,yes
monasca-thresh,310,hp,167,0.5387096774193548,yes
oslo.versionedobjects,763,rackspace,186,0.2437745740498034,no
puppet-gnocchi,185,red hat,99,0.5351351351351351,yes
puppet-ec2api,86,independent,36,0.4186046511627907,no
openstack-ansible-ops,375,rackspace,268,0.7146666666666667,yes
charm-interface-neutron-plugin-api-subordinate,7,canonical,7,1.0,yes
openstack-chef,263,chef,82,0.311787072243346,no
trove-specs,20,tesora,8,0.4,no
renderspec,46,suse,35,0.7608695652173914,yes
rally-openstack,1319,mirantis,743,0.5633055344958302,yes
xstatic-hogan,2,red hat,2,1.0,yes
openstack-ansible-plugins,169,rackspace,95,0.5621301775147929,yes
ptgbot,55,openstack foundation,44,0.8,yes
python-congressclient,94,vmware,38,0.40425531914893614,no
python-keystoneclient,1065,ibm,227,0.2131455399061033,no
python-rackclient,14,independent,13,0.9285714285714286,yes
snap-rally,5,canonical,5,1.0,yes
fuel-nailgun-extension-cluster-upgrade,58,mirantis,53,0.9137931034482759,yes
fuel-ccp-galera,31,mirantis,27,0.8709677419354839,yes
fuel-plugin-ci,7,mirantis,7,1.0,yes
fuel-plugin-ldap,20,mirantis,19,0.95,yes
fuel-plugin-astara,1,akanda,1,1.0,yes
nova-specs,242,red hat,47,0.19421487603305784,no
python-octaviaclient,52,godaddy,14,0.2692307692307692,no
apmec-horizon,1,99cloud,1,1.0,yes
fuel-ccp-openstack-base,8,mirantis,8,1.0,yes
tripleo-quickstart-extras,887,red hat,801,0.90304396843292,yes
puppet-openstack-guide,80,lsd ufcg,37,0.4625,no
ansible-role-gearman,12,red hat,11,0.9166666666666666,yes
python-cerberusclient,2,independent,1,0.5,yes
tacker-specs,21,independent,8,0.38095238095238093,no
puppet-autossh,4,hp,4,1.0,yes
python-opentsdbclient,7,mirantis,4,0.5714285714285714,yes
openstack-ansible-nspawn_hosts,47,rackspace,39,0.8297872340425532,yes
python-neutronclient,653,nec,135,0.20673813169984687,no
mistral-dashboard,125,huawei,35,0.28,no
cookbook-openstack-ops-messaging,78,ibm,24,0.3076923076923077,no
horizon-mellanox,10,mellanox,9,0.9,yes
python-swiftclient,463,swiftstack,118,0.2548596112311015,no
gerrit-dash-creator,184,hpe,43,0.23369565217391305,no
snap-neutron,25,canonical,24,0.96,yes
manila-ui,209,mirantis,101,0.48325358851674644,no
namos,21,huawei,18,0.8571428571428571,yes
liberasurecode,325,intel,160,0.49230769230769234,no
operations-guide,451,rackspace,100,0.22172949002217296,no
watcher-specs,47,b<>com,15,0.3191489361702128,no
dib-utils,21,red hat,11,0.5238095238095238,yes
api-site,1942,fujitsu,473,0.24356333676622038,no
openstack-ansible-os_freezer,1,rackspace,1,1.0,yes
shaker,263,mirantis,228,0.8669201520912547,yes
networking-generic-switch,117,mirantis,49,0.4188034188034188,no
python-ceilometerclient,343,red hat,77,0.22448979591836735,no
oslotest,125,hpe,25,0.2,no
xstatic-d3,5,cisco systems,2,0.4,no
oslo.concurrency,227,red hat,48,0.21145374449339208,no
cisco-ironic-contrib,4,cisco systems,4,1.0,yes
puppet-freezer,48,independent,19,0.3958333333333333,no
murano-tempest-plugin,70,mirantis,32,0.45714285714285713,no
devstack-plugin-amqp1,24,red hat,22,0.9166666666666666,yes
python-appcatalogclient,3,fujitsu,1,0.3333333333333333,no
contributor-guide,58,openstack foundation,15,0.25862068965517243,no
python-blazarclient,62,ntt,15,0.24193548387096775,no
devstack-plugin-vmax,16,dell,16,1.0,yes
ramdisk-func-test,17,mirantis,15,0.8823529411764706,yes
keystonemiddleware,703,ibm,183,0.2603129445234708,no
os-cloud-config,137,red hat,55,0.40145985401459855,no
drbd-devstack,22,linbit,20,0.9090909090909091,yes
masakari-dashboard,10,ntt,9,0.9,yes
puppet-n1k-vsm,13,cisco systems,9,0.6923076923076923,yes
tripleo-quickstart,881,red hat,826,0.9375709421112373,yes
app-catalog-common,1,ibm,1,1.0,yes
openstack-ansible-os_almanach,44,rackspace,18,0.4090909090909091,no
networking-lagopus,14,va linux,11,0.7857142857142857,yes
tenks,37,stackhpc,34,0.918918918918919,yes
telemetry-tempest-plugin,94,red hat,58,0.6170212765957447,yes
puppet-qdr,59,red hat,41,0.6949152542372882,yes
valence-specs,1,nec,1,1.0,yes
ansible-role-bindep,1,red hat,1,1.0,yes
python-dracclient,64,dell,25,0.390625,no
tripleo-upgrade,117,red hat,113,0.9658119658119658,yes
xstatic-angular-material,2,huawei,1,0.5,yes
openstack-health,407,hpe,315,0.773955773955774,yes
devstack-plugin-zmq,5,mirantis,3,0.6,yes
kuryr,79,red hat,17,0.21518987341772153,no
osops-tools-contrib,29,hpe,5,0.1724137931034483,no
tripleo-image-elements,1052,red hat,409,0.3887832699619772,no
trove-image-builder,2,suse,1,0.5,yes
oslo.policy,238,red hat,40,0.16806722689075632,no
ansible-role-jenkins,13,red hat,12,0.9230769230769231,yes
os-net-config,168,red hat,138,0.8214285714285714,yes
puppet-panko,88,independent,38,0.4318181818181818,no
zun-tempest-plugin,61,huawei,29,0.47540983606557374,no
fuel-plugin-nuage,3,nokia,3,1.0,yes
git-nit,9,red hat,8,0.8888888888888888,yes
fuel-plugin-cisco-aci,6,mirantis,5,0.8333333333333334,yes
python-sticksclient,1,objectif libre,1,1.0,yes
vmtp,121,cisco systems,106,0.8760330578512396,yes
openstack-ansible-os_nova,385,rackspace,217,0.5636363636363636,yes
nfv-filters,1,intel,1,1.0,yes
fuel-plugin-lma-collector,706,mirantis,455,0.6444759206798867,yes
transparency-policy,3,red hat,3,1.0,yes
fuel-ccp-designate,7,mirantis,5,0.7142857142857143,yes
devstack-plugin-sheepdog,11,ntt,6,0.5454545454545454,yes
synergy-scheduler-manager,90,infn national institute for nuclear physics,55,0.6111111111111112,yes
networking-ale-omniswitch,1,independent,1,1.0,yes
os-brick,278,red hat,64,0.2302158273381295,no
networking-ansible,43,red hat,39,0.9069767441860465,yes
fuel-plugin-tacker,10,independent,6,0.6,yes
network-checker,70,mirantis,57,0.8142857142857143,yes
puppet-octavia,115,independent,43,0.3739130434782609,no
os-dpm,12,ibm,11,0.9166666666666666,yes
ansible-role-ssh,13,red hat,12,0.9230769230769231,yes
nemesis,21,rackspace,18,0.8571428571428571,yes
fuel-plugin-neutron-lbaas,12,mirantis,11,0.9166666666666666,yes
charm-interface-keystone-admin,7,canonical,7,1.0,yes
ansible-role-nodepool,131,red hat,127,0.9694656488549618,yes
cookbook-openstack-object-storage,84,ibm,28,0.3333333333333333,no
puppet-trove,250,red hat,116,0.464,no
tacker-horizon,361,independent,57,0.15789473684210525,no
openstack-ansible-os_octavia,99,rackspace,68,0.6868686868686869,yes
ansible-role-tripleo-modify-image,24,red hat,24,1.0,yes
synergy-service,71,cc-in2p3,41,0.5774647887323944,yes
puppet-vswitch,194,red hat,102,0.5257731958762887,yes
xstatic-rickshaw,3,independent,1,0.3333333333333333,no
openstack-ux,3,suse,2,0.6666666666666666,yes
python-hnvclient,30,rackspace,29,0.9666666666666667,yes
fuel-nailgun-extension-converted-serializers,3,mirantis,2,0.6666666666666666,yes
fuel-plugin-bgpvpn,13,ericsson,7,0.5384615384615384,yes
airship-divingbell,11,at&t,10,0.9090909090909091,yes
openstack-ansible-os_neutron,424,rackspace,251,0.5919811320754716,yes
stx-metal,36,wind river system,33,0.9166666666666666,yes
networking-fortinet,62,fortinet,50,0.8064516129032258,yes
fuel-stats,153,mirantis,143,0.934640522875817,yes
clouddocs-maven-plugin,997,rackspace,894,0.8966900702106319,yes
fuel-plugin-ovs,72,intel,60,0.8333333333333334,yes
ansible-role-logrotate,4,red hat,4,1.0,yes
magnum-ui,192,nec,143,0.7447916666666666,yes
oslo.reports,91,red hat,20,0.21978021978021978,no
cloudkitty,350,objectif libre,205,0.5857142857142857,yes
loci,116,rackspace,92,0.7931034482758621,yes
ironic-inspector,704,red hat,426,0.6051136363636364,yes
blazar-dashboard,34,ntt,22,0.6470588235294118,yes
puppet-neutron,762,red hat,274,0.35958005249343833,no
openstack-ansible-pip_lock_down,22,rackspace,18,0.8181818181818182,yes
compass-core,390,huawei,232,0.5948717948717949,yes
cookbook-openstack-dns,22,workday,11,0.5,yes
openstack-ansible-os_aodh,174,rackspace,103,0.5919540229885057,yes
murano-pkg-check,43,mirantis,26,0.6046511627906976,yes
openstack-ansible-py_from_git,12,rackspace,10,0.8333333333333334,yes
heat-tempest-plugin,250,red hat,124,0.496,no
gabbi-tempest,11,mirantis,11,1.0,yes
iotronic-ui,4,sina,4,1.0,yes
ara-plugins,4,red hat,4,1.0,yes
os-traits,31,mirantis,12,0.3870967741935484,no
python-karborclient,100,huawei,30,0.3,no
charm-nova-cloud-controller,869,canonical,815,0.9378596087456847,yes
kuryr-libnetwork,428,independent,133,0.3107476635514019,no
openstack-ansible-security,11,rackspace,11,1.0,yes
rsd-lib,68,h3c,47,0.6911764705882353,yes
charm-designate,110,canonical,108,0.9818181818181818,yes
fuel-ccp,389,mirantis,300,0.7712082262210797,yes
cinder-specs,88,ibm,8,0.09090909090909091,no
mistral-specs,17,nec,4,0.23529411764705882,no
swiftonhpss,25,ibm,22,0.88,yes
senlin-tempest-plugin,303,ibm,210,0.693069306930693,yes
fuel-plugin-openbook,9,independent,9,1.0,yes
fuel-ccp-etcd,17,mirantis,13,0.7647058823529411,yes
charm-aodh,54,canonical,51,0.9444444444444444,yes
networking-sfc,262,red hat,61,0.23282442748091603,no
fuel-ccp-memcached,13,mirantis,12,0.9230769230769231,yes
salt-formula-ceilometer,19,tcp cloud,13,0.6842105263157895,yes
loci-nova,19,rackspace,11,0.5789473684210527,yes
freezer-web-ui,138,hp,67,0.4855072463768116,no
kuryr-kubernetes,321,red hat,147,0.45794392523364486,no
networking-generic-switch-tempest-plugin,5,mirantis,4,0.8,yes
cookbook-openstack-network,279,ibm,106,0.37992831541218636,no
ipa-example-hardware-managers,2,rackspace,2,1.0,yes
fuel-dev-tools,35,mirantis,31,0.8857142857142857,yes
python-bileanclient,8,kylin cloud,7,0.875,yes
openstack-helm-addons,28,at&t,17,0.6071428571428571,yes
puppet-congress,84,independent,36,0.42857142857142855,no
apmec,8,independent,5,0.625,yes
puppet-midonet,241,midokura,212,0.8796680497925311,yes
snap-gnocchi,12,canonical,12,1.0,yes
ansible-role-k8s-cookiecutter,2,independent,2,1.0,yes
fuel-ostf,853,mirantis,808,0.9472450175849941,yes
charm-openstack-dashboard,409,canonical,388,0.9486552567237164,yes
fuel-plugin-rally,18,mirantis,18,1.0,yes
xstatic-angular-cookies,2,rackspace,1,0.5,yes
governance-uc,31,rackspace,12,0.3870967741935484,no
powervc-driver,115,ibm,110,0.9565217391304348,yes
jenkins-plugins-for-murano,2,mirantis,2,1.0,yes
oslo.rootwrap,116,mirantis,17,0.14655172413793102,no
mogan-ui,17,huawei,16,0.9411764705882353,yes
fuel-plugin-zabbix-snmptrapd,27,mirantis,25,0.9259259259259259,yes
slogging,100,rackspace,54,0.54,yes
charm-interface-ceph-mds,20,canonical,20,1.0,yes
os-xenapi,79,citrix,70,0.8860759493670886,yes
barbican-tempest-plugin,25,jhu/apl,12,0.48,no
fuel-plugin-detach-rabbitmq,23,mirantis,21,0.9130434782608695,yes
xstatic-angular-fileupload,4,cisco systems,1,0.25,no
monasca-specs,8,fujitsu,5,0.625,yes
fuel-ccp-rally,23,mirantis,23,1.0,yes
group-based-policy,719,cisco systems,439,0.6105702364394993,yes
distil-ui,8,catalyst it,8,1.0,yes
neutron-vpnaas,522,red hat,89,0.17049808429118773,no
glance_store,334,independent,100,0.2994011976047904,no
sahara-image-elements,355,mirantis,146,0.4112676056338028,no
tricircle,254,independent,140,0.5511811023622047,yes
dragonflow,1464,huawei,1051,0.717896174863388,yes
requests-mock,82,red hat,50,0.6097560975609756,yes
limestone-ci-cloud,20,limestone networks,20,1.0,yes
charm-ceph-proxy,34,canonical,28,0.8235294117647058,yes
ansible-role-tripleo-cookiecutter,4,red hat,4,1.0,yes
fairy-slipper,132,aptira,81,0.6136363636363636,yes
designate-dashboard,78,hp,19,0.24358974358974358,no
kosmos-specs,2,hpe,2,1.0,yes
aeromancer,50,hpe,49,0.98,yes
openstack-ansible-openstack_hosts,173,rackspace,100,0.5780346820809249,yes
delimiter,19,godaddy,16,0.8421052631578947,yes
openstack-ansible-repo_server,120,rackspace,78,0.65,yes
charm-layer-openstack-api,12,canonical,12,1.0,yes
scientific-wg,3,cray,1,0.3333333333333333,no
stevedore,181,dreamhost,90,0.4972375690607735,no
puppet-rally,57,independent,27,0.47368421052631576,no
osops-tools-logging,1,godaddy,1,1.0,yes
fuel-plugin-bigswitch,27,switch,27,1.0,yes
fuel-plugin-availability-zones,2,china mobile,1,0.5,yes
ops-tags-team,17,openstack foundation,14,0.8235294117647058,yes
evoque,31,independent,22,0.7096774193548387,yes
astara-appliance,271,dreamhost,208,0.7675276752767528,yes
ansible-role-systemd_networkd,22,rackspace,11,0.5,yes
giftwrap,102,blue box,78,0.7647058823529411,yes
fuel-ccp-searchlight,4,dell,2,0.5,yes
astara-horizon,15,akanda,9,0.6,yes
cloudpulse,81,hcl,46,0.5679012345679012,yes
python-picassoclient,14,iron.io,14,1.0,yes
solar-resources,351,mirantis,267,0.7606837606837606,yes
development-proposals,104,rackspace,33,0.3173076923076923,no
fuel-ccp-ci-config,201,mirantis,196,0.9751243781094527,yes
salt-formula-nova,93,tcp cloud,56,0.6021505376344086,yes
networking-plumgrid,222,plumgrid,83,0.3738738738738739,no
adjutant-ui,28,catalyst it,23,0.8214285714285714,yes
glance-specs,96,independent,32,0.3333333333333333,no
trove-integration,430,rackspace,230,0.5348837209302325,yes
ironic-webclient,118,hpe,111,0.940677966101695,yes
charm-nova-compute-proxy,346,canonical,338,0.976878612716763,yes
neutron-fwaas-dashboard,53,nec,40,0.7547169811320755,yes
fuel-ccp-tests,142,mirantis,139,0.9788732394366197,yes
python-fuelclient,350,mirantis,274,0.7828571428571428,yes
ospurge,93,cloudwatt,28,0.3010752688172043,no
openstack-planet,166,independent,41,0.2469879518072289,no
charm-interface-ovsdb-manager,1,canonical,1,1.0,yes
charm-interface-manila-plugin,3,canonical,3,1.0,yes
puppet-magnum,121,independent,51,0.4214876033057851,no
meteos,48,nec,32,0.6666666666666666,yes
microversion-parse,17,mirantis,15,0.8823529411764706,yes
charm-openvswitch-odl,42,canonical,41,0.9761904761904762,yes
ironic-python-agent,774,rackspace,408,0.5271317829457365,yes
fuel-plugin-murano-networking-sfc,2,mirantis,2,1.0,yes
iotronic,117,independent,55,0.4700854700854701,no
charm-ceilometer-agent,159,canonical,152,0.9559748427672956,yes
fuel-plugin-murano,33,mirantis,30,0.9090909090909091,yes
oslo.limit,6,independent,2,0.3333333333333333,no
python-keystoneclient-kerberos,18,ibm,6,0.3333333333333333,no
python-saharaclient,350,red hat,117,0.3342857142857143,no
cl-openstack-client,12,university of melbourne,6,0.5,yes
networking-dpm,60,ibm,55,0.9166666666666666,yes
sahara-plugin-cdh,250,mirantis,92,0.368,no
openstack-ansible-apt_package_pinning,53,rackspace,31,0.5849056603773585,yes
security-specs,6,independent,2,0.3333333333333333,no
os-service-types,23,red hat,12,0.5217391304347826,yes
collectd-openstack-plugins,109,intel,95,0.8715596330275229,yes
fuel-plugin-openstack-telemetry,63,mirantis,63,1.0,yes
devstack-plugin-additional-pkg-repos,2,ibm,2,1.0,yes
fuel-plugin-tls,3,orange,2,0.6666666666666666,yes
charm-lxd,105,canonical,97,0.9238095238095239,yes
airship-maas,45,at&t,37,0.8222222222222222,yes
python-manilaclient,338,mirantis,122,0.3609467455621302,no
anchor,232,hp,157,0.6767241379310345,yes
stx-config,156,wind river system,145,0.9294871794871795,yes
solum-infra-guestagent,11,numergy,5,0.45454545454545453,no
dox,68,hpe,27,0.39705882352941174,no
openstack-ansible-os_ceilometer,211,rackspace,127,0.6018957345971564,yes
fuel-nailgun-agent,147,mirantis,132,0.8979591836734694,yes
ara,388,red hat,360,0.9278350515463918,yes
craton-dashboard,14,intel,13,0.9285714285714286,yes
os-namos,10,huawei,9,0.9,yes
puppet-zaqar,113,red hat,53,0.4690265486725664,no
docs-specs,52,suse,13,0.25,no
networking-l2gw,229,hp,105,0.4585152838427948,no
puppet-keystone,655,red hat,208,0.31755725190839695,no
puppet-tuskar,41,red hat,34,0.8292682926829268,yes
monasca-persister,275,hpe,171,0.6218181818181818,yes
charm-ceph-fs,29,canonical,25,0.8620689655172413,yes
tempest-horizon,13,intel,3,0.23076923076923078,no
cinder,6771,red hat,873,0.12893221089942403,no
nerd-reviewer,6,yahoo!,3,0.5,yes
charm-layer-ceph-base,10,objectif libre,7,0.7,yes
freezer-specs,8,mirantis,3,0.375,no
stx-utils,24,wind river system,22,0.9166666666666666,yes
quark,780,rackspace,705,0.9038461538461539,yes
barbican,1450,rackspace,584,0.4027586206896552,no
openstack-ansible-os_molteniron,45,ibm,18,0.4,no
shovel,67,dell,67,1.0,yes
ara-server,25,red hat,25,1.0,yes
xstatic-bootstrap-scss,6,cisco systems,2,0.3333333333333333,no
surveil,286,independent,275,0.9615384615384616,yes
puppet-ovn,64,red hat,38,0.59375,yes
congress-tempest-plugin,96,nec,48,0.5,yes
fuel-ccp-stacklight,57,mirantis,51,0.8947368421052632,yes
charm-interface-hacluster,15,canonical,15,1.0,yes
openstack-ansible-os_tacker,47,rackspace,18,0.3829787234042553,no
fuel-ccp-mariadb,22,mirantis,18,0.8181818181818182,yes
python-almanachclient,30,internap,30,1.0,yes
charm-interface-bind-rndc,6,canonical,6,1.0,yes
bareon-allocator,73,mirantis,71,0.9726027397260274,yes
sahara-plugin-ambari,151,mirantis,68,0.4503311258278146,no
fuel-mirror,74,mirantis,70,0.9459459459459459,yes
cliff,319,dreamhost,137,0.42946708463949845,no
sticks-dashboard,2,independent,1,0.5,yes
release-schedule-generator,13,independent,13,1.0,yes
openstack-ansible-memcached_server,86,rackspace,50,0.5813953488372093,yes
fuel-plugin-lma-infrastructure-alerting,183,mirantis,105,0.5737704918032787,yes
cookbook-openstack-bare-metal,29,ibm,26,0.896551724137931,yes
airship-specs,5,at&t,3,0.6,yes
snap-openstackclients,5,canonical,5,1.0,yes
charm-trove,66,independent,46,0.696969696969697,yes
loci-keystone,45,rackspace,33,0.7333333333333333,yes
oslo.tools,127,hpe,31,0.2440944881889764,no
fuel-ccp-nginx,3,mirantis,3,1.0,yes
charm-glusterfs,3,canonical,3,1.0,yes
charm-murano,22,independent,22,1.0,yes
monasca-log-api,145,fujitsu,95,0.6551724137931034,yes
devstack-plugin-pika,4,mirantis,3,0.75,yes
python-cloudpulseclient,26,hcl,14,0.5384615384615384,yes
charm-nova-cell-controller,2,canonical,2,1.0,yes
ansible-hardening,411,rackspace,347,0.8442822384428224,yes
security-analysis,4,hpe,1,0.25,no
shovel-horizon,4,dell,4,1.0,yes
heat-specs,43,red hat,12,0.27906976744186046,no
python-kiteclient,11,hpe,3,0.2727272727272727,no
devstack-plugin-mariadb,6,ibm,6,1.0,yes
python-iotronicclient,8,sina,8,1.0,yes
timmy,354,mirantis,198,0.559322033898305,yes
telcowg-usecases,10,deutsche telekom,5,0.5,yes
sahara-extra,89,mirantis,37,0.4157303370786517,no
python-jenkins,146,hp,39,0.2671232876712329,no
senlin,3313,ibm,2373,0.7162692423785089,yes
virtualbmc,80,red hat,40,0.5,yes
wsme,513,independent,416,0.8109161793372319,yes
stacktach,396,rackspace,352,0.8888888888888888,yes
ec2api-tempest-plugin,95,emc,52,0.5473684210526316,yes
compass-web,191,huawei,155,0.8115183246073299,yes
aodh,2230,red hat,567,0.25426008968609864,no
fuel-plugin-external-lb,11,mirantis,11,1.0,yes
fuel-plugin-nsx-t,37,mirantis,37,1.0,yes
constellations,4,red hat,3,0.75,yes
charm-panko,6,canonical,6,1.0,yes
xstatic-json2yaml,1,independent,1,1.0,yes
networking-hyperv,148,cloudbase solutions,110,0.7432432432432432,yes
fuel-ccp-nova,81,mirantis,67,0.8271604938271605,yes
sahara-plugin-mapr,339,mirantis,143,0.4218289085545723,no
neutron,8798,red hat,1740,0.19777222095930894,no
python-muranoclient,349,mirantis,197,0.5644699140401146,yes
refstack-client,111,ibm,48,0.43243243243243246,no
octavia,1041,dell,209,0.20076849183477424,no
sqlalchemy-migrate,222,independent,167,0.7522522522522522,yes
tripleo-ha-utils,51,red hat,49,0.9607843137254902,yes
fuel-plugin-detach-keystone,39,mirantis,37,0.9487179487179487,yes
swift-specs,20,hpe,4,0.2,no
charm-neutron-gateway,693,canonical,587,0.847041847041847,yes
oslo.i18n,133,ibm,26,0.19548872180451127,no
tatu,69,huawei,68,0.9855072463768116,yes
taskflow,1273,yahoo!,1014,0.7965435978004713,yes
group-based-policy-automation,34,cisco systems,22,0.6470588235294118,yes
ansible-role-k8s-mariadb,32,independent,29,0.90625,yes
fuel-main,1281,mirantis,1181,0.921935987509758,yes
sahara,2694,mirantis,1474,0.5471417965850037,yes
charm-ceph-osd,288,canonical,253,0.8784722222222222,yes
tap-as-a-service-dashboard,4,midokura,3,0.75,yes
openstacksdk,2368,red hat,527,0.22255067567567569,no
os-collect-config,136,hp,62,0.45588235294117646,no
charm-interface-service-control,1,canonical,1,1.0,yes
tripleo-specs,48,red hat,31,0.6458333333333334,yes
monasca-grafana-datasource,16,time warner cable,7,0.4375,no
fuel-plugin-cinder-kaminario,12,kaminario,11,0.9166666666666666,yes
foxnut,5,independent,3,0.6,yes
ansible-role-nginx,12,red hat,11,0.9166666666666666,yes
heat-templates,203,red hat,115,0.5665024630541872,yes
charm-interface-openstack-ha,3,canonical,3,1.0,yes
blazar-nova,41,ntt,14,0.34146341463414637,no
xstatic-jquery.bootstrap.wizard,2,independent,1,0.5,yes
bandit,474,hp,137,0.2890295358649789,no
python-senlinclient,459,ibm,245,0.5337690631808278,yes
mors,16,platform9 systems,16,1.0,yes
charm-neutron-openvswitch,359,canonical,349,0.9721448467966574,yes
charm-interface-ceph-client,3,canonical,2,0.6666666666666666,yes
xstatic-mdi,5,rackspace,2,0.4,no
puppet-heat,327,red hat,179,0.5474006116207951,yes
python-troveclient,379,hp,69,0.1820580474934037,no
tripleo-validations,132,red hat,116,0.8787878787878788,yes
airship-shipyard,323,independent,268,0.8297213622291022,yes
glare,265,nokia,160,0.6037735849056604,yes
neutron-lbaas-dashboard,31,independent,7,0.22580645161290322,no
python-gnocchiclient,110,red hat,77,0.7,yes
sushy,77,red hat,28,0.36363636363636365,no
sahara-plugin-storm,119,mirantis,38,0.31932773109243695,no
networking-vsphere,279,hpe,169,0.6057347670250897,yes
fuel-virtualbox,99,mirantis,96,0.9696969696969697,yes
puppet-murano,166,independent,48,0.2891566265060241,no
git-os-job,13,red hat,7,0.5384615384615384,yes
puppet-ganesha,1,independent,1,1.0,yes
tosca-parser,188,ibm,78,0.4148936170212766,no
charm-interface-keystone-credentials,1,canonical,1,1.0,yes
monasca-events-api,84,hp,59,0.7023809523809523,yes
tripleo-docs,351,red hat,308,0.8774928774928775,yes
fuel-plugin-fortinet,7,fortinet,7,1.0,yes
coverage2sql,39,hpe,27,0.6923076923076923,yes
poppy,719,independent,354,0.49235048678720444,no
spanner,3,independent,2,0.6666666666666666,yes
openstack-ansible-os_swift_sync,12,rackspace,7,0.5833333333333334,yes
instack,104,red hat,91,0.875,yes
puppet-ceilometer,413,red hat,173,0.4188861985472155,no
self-healing-sig,5,suse,5,1.0,yes
nova-zvm-virt-driver,199,ibm,193,0.9698492462311558,yes
kosmos,23,nec,6,0.2608695652173913,no
ara-web,1,red hat,1,1.0,yes
freezer,514,hp,214,0.4163424124513619,no
loci-requirements,20,rackspace,14,0.7,yes
oslo.serialization,133,red hat,27,0.20300751879699247,no
puppet-swift,453,red hat,153,0.33774834437086093,no
openstack-service-broker,2,red hat,2,1.0,yes
fuel-plugin-nsxv,128,mirantis,127,0.9921875,yes
inception,83,at&t,60,0.7228915662650602,yes
charm-vault,40,canonical,39,0.975,yes
openstack-ansible-os_searchlight,30,rackspace,14,0.4666666666666667,no
fuel-plugin-6wind-virtual-accelerator,40,6wind,40,1.0,yes
networking-brocade,63,brocade,47,0.746031746031746,yes
python-barbicanclient,321,independent,95,0.29595015576323985,no
charm-interface-odl-controller-api,2,canonical,2,1.0,yes
cloudroast,684,rackspace,615,0.8991228070175439,yes
group-based-policy-ui,70,independent,24,0.34285714285714286,no
fuel-ui,2751,mirantis,2652,0.9640130861504908,yes
networking-ovs-dpdk,265,intel,145,0.5471698113207547,yes
monasca-ui,282,hp,133,0.4716312056737589,no
vmware-nsx-tempest-plugin,150,vmware,122,0.8133333333333334,yes
bilean,67,kylin cloud,51,0.7611940298507462,yes
puppet-openstack_spec_helper,63,red hat,33,0.5238095238095238,yes
app-catalog-ui,41,pnnl,30,0.7317073170731707,yes
networking-opencontrail,30,codilime,17,0.5666666666666667,yes
manila-tempest-plugin,196,mirantis,47,0.23979591836734693,no
python-cueclient,30,hpe,10,0.3333333333333333,no
snap-keystone,27,canonical,26,0.9629629629629629,yes
stx-manifest,9,wind river system,6,0.6666666666666666,yes
python-designateclient,10,suse,3,0.3,no
metalsmith,77,red hat,77,1.0,yes
networking-spp,12,va linux,8,0.6666666666666666,yes
charm-deployment-guide,20,canonical,19,0.95,yes
os-win,255,cloudbase solutions,231,0.9058823529411765,yes
ansible-role-sudoers,2,red hat,2,1.0,yes
storlets,378,ntt,212,0.5608465608465608,yes
networking-powervm,174,ibm,163,0.9367816091954023,yes
performance-docs,73,mirantis,56,0.7671232876712328,yes
openstack-ansible-os_masakari,28,rackspace,15,0.5357142857142857,yes
oslo.cache,132,ibm,33,0.25,no
shotgun,70,mirantis,59,0.8428571428571429,yes
nova-powervm,630,ibm,606,0.9619047619047619,yes
xstatic-jasmine,6,red hat,2,0.3333333333333333,no
airship-drydock,284,at&t,244,0.8591549295774648,yes
loci-neutron,18,rackspace,12,0.6666666666666666,yes
charm-designate-bind,43,canonical,38,0.8837209302325582,yes
fuel-plugin-nova-nfs,7,orange,4,0.5714285714285714,yes
heat-dashboard,372,independent,57,0.1532258064516129,no
congress,1172,vmware,572,0.4880546075085324,no
ansible-role-k8s-glance,13,independent,13,1.0,yes
puppet-pacemaker,170,red hat,141,0.8294117647058824,yes
networking-hpe,7,hp,4,0.5714285714285714,yes
charm-ceph,131,canonical,92,0.7022900763358778,yes
monasca-api,1163,hp,451,0.38779019776440243,no
opencafe,215,rackspace,195,0.9069767441860465,yes
charm-mistral,2,canonical,1,0.5,yes
election,153,rackspace,57,0.37254901960784315,no
gnocchi,1199,red hat,884,0.737281067556297,yes
masakari-specs,3,ntt,2,0.6666666666666666,yes
zaqar-tempest-plugin,31,red hat,6,0.1935483870967742,no
networking-h3c,2,h3c,2,1.0,yes
fuxi,68,huawei,26,0.38235294117647056,no
nova-dpm,136,ibm,127,0.9338235294117647,yes
devstack-plugin-nfs,5,red hat,5,1.0,yes
cookbook-openstack-compute,618,rackspace,206,0.3333333333333333,no
stx-gui,10,wind river system,6,0.6,yes
charm-cinder-ceph,131,canonical,125,0.9541984732824428,yes
fuel-plugin-neutron-fwaas,17,independent,11,0.6470588235294118,yes
cloudv-ostf-adapter,16,mirantis,14,0.875,yes
fuel-noop-fixtures,54,mirantis,53,0.9814814814814815,yes
django_openstack_auth,204,independent,39,0.19117647058823528,no
openstack-ansible-tests,350,rackspace,220,0.6285714285714286,yes
stx-nfv,27,wind river system,22,0.8148148148148148,yes
openstack-ansible-os_magnum,179,rackspace,116,0.6480446927374302,yes
charm-interface-gnocchi,3,canonical,3,1.0,yes
fuel-plugin-plumgrid,19,plumgrid,19,1.0,yes
futurist,93,yahoo!,47,0.5053763440860215,yes
airship-armada,246,at&t,142,0.5772357723577236,yes
cerberus,55,independent,50,0.9090909090909091,yes
neutron-classifier,22,mirantis,13,0.5909090909090909,yes
puppet-openstack-release-tools,4,red hat,3,0.75,yes
packetary-specs,1,mirantis,1,1.0,yes
salt-formula-horizon,56,tcp cloud,24,0.42857142857142855,no
devstack-plugin-ceph,66,red hat,50,0.7575757575757576,yes
virtualpdu,42,internap,38,0.9047619047619048,yes
fuel-plugin-external-zabbix,122,mirantis,81,0.6639344262295082,yes
broadview-collector,17,axilera,16,0.9411764705882353,yes
fuel-web,7810,mirantis,7025,0.8994878361075545,yes
trove-tempest-plugin,17,samsung,6,0.35294117647058826,no
heat-translator,315,ibm,185,0.5873015873015873,yes
broadview-ui,2,axilera,2,1.0,yes
puppet-watcher,93,independent,42,0.45161290322580644,no
openstack-manuals,8888,suse,1247,0.1403015301530153,no
novajoin,153,red hat,148,0.9673202614379085,yes
pyeclib,390,intel,175,0.44871794871794873,no
networking-nec,333,nec,247,0.7417417417417418,yes
entropy,69,independent,65,0.9420289855072463,yes
swift-bench,74,swiftstack,20,0.2702702702702703,no
valet,54,at&t,49,0.9074074074074074,yes
python-searchlightclient,45,independent,13,0.28888888888888886,no
charm-neutron-api-odl,45,canonical,44,0.9777777777777777,yes
networking-infoblox,218,infoblox,156,0.7155963302752294,yes
networking-calico,158,tigera,83,0.5253164556962026,yes
ansible-role-k8s-cinder,18,independent,15,0.8333333333333334,yes
openstack-ansible-os_watcher,69,rackspace,39,0.5652173913043478,yes
os-acc,2,independent,2,1.0,yes
nova-fusioncompute,2,huawei,1,0.5,yes
cloudkitty-dashboard,57,objectif libre,26,0.45614035087719296,no
fuel-plugin-nimblestorage-cinder,9,independent,8,0.8888888888888888,yes
salt-formula-swift,34,tcp cloud,23,0.6764705882352942,yes
rpm-packaging-tools,16,suse,15,0.9375,yes
fuel-astute,707,independent,357,0.504950495049505,yes
kite,16,red hat,7,0.4375,no
driverlog,227,mirantis,73,0.32158590308370044,no
openstack-ansible-repo_build,175,rackspace,111,0.6342857142857142,yes
ansible-role-diskimage-builder,44,red hat,42,0.9545454545454546,yes
python-ironic-inspector-client,97,red hat,55,0.5670103092783505,yes
stx-clients,6,wind river system,4,0.6666666666666666,yes
networking-zvm,56,ibm,49,0.875,yes
bareon-ironic,13,mirantis,10,0.7692307692307693,yes
puppet-mistral,152,red hat,74,0.4868421052631579,no
craton,248,rackspace,157,0.6330645161290323,yes
fuel-ccp-neutron,79,mirantis,60,0.759493670886076,yes
openstack-ansible-os_blazar,33,independent,15,0.45454545454545453,no
ansible-role-carbon,3,rackspace,2,0.6666666666666666,yes
ceilometer-zvm,19,ibm,15,0.7894736842105263,yes
sahara-plugin-vanilla,242,mirantis,124,0.512396694214876,yes
charm-guide,65,canonical,50,0.7692307692307693,yes
sahara-ci-config,364,mirantis,335,0.9203296703296703,yes
fuel-plugin-calamari,1,create-net,1,1.0,yes
searchlight-ui,86,hpe,58,0.6744186046511628,yes
puppet-openstack-integration,618,red hat,435,0.7038834951456311,yes
sushy-tools,32,independent,24,0.75,yes
kloudbuster,244,cisco systems,234,0.9590163934426229,yes
openstack-ansible-os_congress,75,independent,51,0.68,yes
gce-api,72,independent,18,0.25,no
third-party-ci-tools,34,ibm,11,0.3235294117647059,no
rack,25,independent,14,0.56,yes
networking-vpp,279,cisco systems,218,0.7813620071684588,yes
snap-glance,30,canonical,28,0.9333333333333333,yes
heat,6759,red hat,3413,0.5049563544903092,yes
python-tatuclient,252,hp,79,0.3134920634920635,no
cookbook-openstack-identity,285,at&t,76,0.26666666666666666,no
barbican-specs,31,rackspace,8,0.25806451612903225,no
airship-pegleg,48,at&t,32,0.6666666666666666,yes
ironic-inspector-specs,8,independent,2,0.25,no
puppet-nova,1008,red hat,276,0.27380952380952384,no
networking-edge-vpn,5,brocade,2,0.4,no
oslo.context,98,ibm,26,0.2653061224489796,no
python-moganclient,82,huawei,69,0.8414634146341463,yes
pymod2pkg,62,suse,31,0.5,yes
puppet-cloudkitty,66,independent,29,0.4393939393939394,no
xenapi-os-testing,125,citrix,122,0.976,yes
cookbook-openstackclient,18,workday,9,0.5,yes
fuel-agent,125,mirantis,112,0.896,yes
charm-keystone,831,canonical,781,0.9398315282791817,yes
networking-fujitsu,108,fujitsu,91,0.8425925925925926,yes
python-brick-cinderclient-ext,53,mirantis,13,0.24528301886792453,no
manila-test-image,20,independent,19,0.95,yes
charm-manila-generic,20,canonical,16,0.8,yes
ha-guide,252,suse,54,0.21428571428571427,no
puppet-designate,242,red hat,92,0.38016528925619836,no
fuel-ccp-debian-base,14,mirantis,13,0.9285714285714286,yes
ansible-role-jenkins-job-builder,22,red hat,19,0.8636363636363636,yes
python-cyborgclient,5,at&t,1,0.2,no
openstack-ansible-lxc_hosts,236,rackspace,128,0.5423728813559322,yes
murano-specs,26,mirantis,16,0.6153846153846154,yes
puppet-sahara,204,red hat,95,0.46568627450980393,no
openstack-ansible-ceph_client,96,rackspace,50,0.5208333333333334,yes
ansible-role-zuul,101,red hat,98,0.9702970297029703,yes
openstack-ansible-os_zaqar,86,rackspace,48,0.5581395348837209,yes
oslo.db,491,mirantis,145,0.2953156822810591,no
ui-cookiecutter,131,nec,59,0.45038167938931295,no
searchlight-specs,7,hpe,3,0.42857142857142855,no
golang-client,36,intel,14,0.3888888888888889,no
openstack-specs,3,hpe,2,0.6666666666666666,yes
stacklight-integration-tests,145,mirantis,135,0.9310344827586207,yes
osc-placement,24,huawei,9,0.375,no
cue,204,hp,98,0.4803921568627451,no
puppet-aodh,167,red hat,72,0.4311377245508982,no
merlin,84,mirantis,76,0.9047619047619048,yes
snap-cinder,5,canonical,5,1.0,yes
fuel-ccp-heat,35,mirantis,24,0.6857142857142857,yes
django-openstack-auth-kerberos,9,red hat,5,0.5555555555555556,yes
murano-apps,170,mirantis,157,0.9235294117647059,yes
fuel-plugin-murano-tests,34,mirantis,31,0.9117647058823529,yes
openstack-ansible-haproxy_server,110,rackspace,56,0.509090909090909,yes
solar,1523,mirantis,1239,0.8135259356533159,yes
tripleo-repos,38,red hat,34,0.8947368421052632,yes
zaqar,1143,independent,347,0.30358705161854765,no
manila-image-elements,45,mirantis,22,0.4888888888888889,no
fuel-plugin-calico,13,independent,11,0.8461538461538461,yes
puppet-senlin,7,independent,3,0.42857142857142855,no
fuel-plugin-cinder-gcs,20,mirantis,20,1.0,yes
project-team-guide,73,openstack foundation,19,0.2602739726027397,no
tripleo-puppet-elements,107,red hat,91,0.8504672897196262,yes
os-ken,2243,independent,928,0.4137316094516273,no
fuel-plugin-kafka,10,mirantis,10,1.0,yes
keystoneauth,653,red hat,219,0.33537519142419603,no
fuel-devops,526,mirantis,505,0.9600760456273765,yes
os-apply-config,114,blue box,37,0.32456140350877194,no
charm-plumgrid-edge,75,plumgrid,70,0.9333333333333333,yes
fuel-nailgun-extension-iac,66,mirantis,63,0.9545454545454546,yes
fuel-library,7400,mirantis,6280,0.8486486486486486,yes
vitrage-tempest-plugin,158,nokia,132,0.8354430379746836,yes
fuel-plugin-xenserver,162,citrix,162,1.0,yes
packstack,1169,red hat,1056,0.9033361847733106,yes
fuel-plugin-opendaylight,69,independent,43,0.6231884057971014,yes
charm-barbican-softhsm,28,canonical,24,0.8571428571428571,yes
snap-tempest,1,canonical,1,1.0,yes
fuel-ccp-entrypoint,53,mirantis,28,0.5283018867924528,yes
docker-machine-openstack,63,independent,33,0.5238095238095238,yes
fuel-plugin-zabbix-monitoring-extreme-networks,22,mirantis,19,0.8636363636363636,yes
sahara-specs,57,mirantis,28,0.49122807017543857,no
mox3,59,independent,31,0.5254237288135594,yes
fuel-ccp-ironic,10,mirantis,7,0.7,yes
fuel-plugin-ceilometer-redis,19,mirantis,17,0.8947368421052632,yes
charm-plumgrid-gateway,49,plumgrid,47,0.9591836734693877,yes
xstatic-bootstrap-datepicker,3,independent,1,0.3333333333333333,no
karma-subunit-reporter,5,hpe,5,1.0,yes
openstack-ansible-openstack_openrc,63,rackspace,35,0.5555555555555556,yes
charm-neutron-api-genericswitch,10,internap,10,1.0,yes
python-meteosclient,13,nec,11,0.8461538461538461,yes
fuel-plugin-dynatrace,56,dynatrace,44,0.7857142857142857,yes
kwapi,61,inria,53,0.8688524590163934,yes
xstatic-magic-search,3,ibm,1,0.3333333333333333,no
openstack-ansible-specs,26,rackspace,15,0.5769230769230769,yes
openstack-chef-specs,6,ibm,3,0.5,yes
project-navigator-data,3,huawei,1,0.3333333333333333,no
python-zunclient,226,zte corporation,70,0.30973451327433627,no
puppet-cinder,473,red hat,158,0.33403805496828753,no
ansible-config_template,19,rackspace,11,0.5789473684210527,yes
ossa,64,red hat,42,0.65625,yes
manila-specs,26,huawei,12,0.46153846153846156,no
neutron-lbaas,846,red hat,140,0.16548463356973994,no
oslo.privsep,65,rackspace,17,0.26153846153846155,no
anvil,2116,yahoo!,1841,0.8700378071833649,yes
charm-rabbitmq-server,617,canonical,573,0.9286871961102107,yes
ceilometer-powervm,70,ibm,51,0.7285714285714285,yes
designate-specs,12,hpe,3,0.25,no
python-novaclient,1516,rackspace,289,0.19063324538258575,no
vitrage-dashboard,113,nokia,79,0.6991150442477876,yes
openstack-chef-repo,2,inspur,1,0.5,yes
xstatic-angular-gettext,2,nec,1,0.5,yes
oaktreemodel,6,red hat,6,1.0,yes
mistral-lib,36,red hat,18,0.5,yes
tuskar,400,red hat,307,0.7675,yes
fuel-plugin-detach-database,22,mirantis,19,0.8636363636363636,yes
freezer-tempest-plugin,7,independent,3,0.42857142857142855,no
osel,2,comcast,2,1.0,yes
stx-ha,18,wind river system,14,0.7777777777777778,yes
fuel-plugin-swiftstack,9,swiftstack,7,0.7777777777777778,yes
networking-6wind,31,6wind,27,0.8709677419354839,yes
ailuropoda,5,chef,4,0.8,yes
networking-onos,41,independent,20,0.4878048780487805,no
broadview-lib,24,axilera,23,0.9583333333333334,yes
heat-cfntools,175,red hat,105,0.6,yes
networking-bigswitch,619,switch,174,0.28109854604200324,no
murano-dashboard,990,mirantis,685,0.6919191919191919,yes
charm-glance-simplestreams-sync,30,canonical,28,0.9333333333333333,yes
python-masakariclient,28,ntt,12,0.42857142857142855,no
python-k8sclient,57,mirantis,24,0.42105263157894735,no
python-oneviewclient,41,universidade federal de campina grande,34,0.8292682926829268,yes
monasca-common,225,hp,80,0.35555555555555557,no
tatu-dashboard,21,huawei,21,1.0,yes
trove-dashboard,118,tesora,45,0.3813559322033898,no
openstack-ansible-galera_client,120,rackspace,66,0.55,yes
ec2-api,590,emc,398,0.6745762711864407,yes
xstatic-roboto-fontface,2,cisco systems,1,0.5,yes
heat-agents,96,red hat,71,0.7395833333333334,yes
kolla-mesos,202,mirantis,169,0.8366336633663366,yes
zaqar-ui,83,nec,49,0.5903614457831325,yes
networking-cisco,863,cisco systems,501,0.5805330243337196,yes
scalpels,80,huawei,75,0.9375,yes
masakari,142,ntt,107,0.7535211267605634,yes
fuel-octane,1008,mirantis,981,0.9732142857142857,yes
python-rsdclient,24,h3c,20,0.8333333333333334,yes
training-guides,826,independent,279,0.33777239709443097,no
zaqar-specs,36,independent,9,0.25,no
monasca-statsd,43,hp,10,0.23255813953488372,no
loci-ironic,4,openstack foundation,2,0.5,yes
flame,55,cloudwatt,17,0.3090909090909091,no
airship-deckhand,352,at&t,285,0.8096590909090909,yes
puppet-glance,476,red hat,138,0.28991596638655465,no
fuel-plugin-qemu,12,intel,12,1.0,yes
designate-msdnsagent,3,hpe,2,0.6666666666666666,yes
networking-cumulus,12,cumulus networks,11,0.9166666666666666,yes
cinder-fusioncompute,1,independent,1,1.0,yes
telemetry-specs,26,red hat,7,0.2692307692307692,no
stackviz,71,hpe,63,0.8873239436619719,yes
monasca-vagrant,353,hp,297,0.8413597733711048,yes
nova-mksproxy,6,vmware,6,1.0,yes
openstack-ansible-os_cloudkitty,106,rackspace,59,0.5566037735849056,yes
i18n,140,nec,58,0.4142857142857143,no
astara-neutron,255,dreamhost,214,0.8392156862745098,yes
intel-nfv-ci-tests,41,intel,29,0.7073170731707317,yes
tripleo-common,821,red hat,759,0.9244823386114495,yes
interop,269,vmware,73,0.27137546468401486,no
airship-treasuremap,4,independent,3,0.75,yes
fuel-plugin-scaleio,110,independent,106,0.9636363636363636,yes
fuel-plugin-nitrous,1,at&t,1,1.0,yes
salt-formula-glance,39,tcp cloud,25,0.6410256410256411,yes
charm-specs,30,canonical,26,0.8666666666666667,yes
tap-as-a-service,104,midokura,38,0.36538461538461536,no
charm-layer-openstack-principle,1,canonical,1,1.0,yes
swift,3822,swiftstack,1016,0.2658294086865515,no
masakari-monitors,51,njk corporation,37,0.7254901960784313,yes
charm-cinder,629,canonical,606,0.9634340222575517,yes
python-magnumclient,322,nec,61,0.18944099378881987,no
pycadf,132,ibm,68,0.5151515151515151,yes
networking-avaya,4,avaya,4,1.0,yes
interop-workloads,20,ibm,7,0.35,no
puppet-glare,59,independent,26,0.4406779661016949,no
charm-ceilometer,325,canonical,316,0.9723076923076923,yes
compute-hyperv,265,cloudbase solutions,252,0.9509433962264151,yes
training-labs,457,independent,377,0.824945295404814,yes
cursive,10,jhu/apl,6,0.6,yes
os-refresh-config,37,red hat,7,0.1891891891891892,no
xstatic-angular,11,cisco systems,5,0.45454545454545453,no
fuel-plugin-solidfire-cinder,12,solidfire,6,0.5,yes
python-neutron-pd-driver,2,cisco systems,1,0.5,yes
git-upstream,201,hp,101,0.5024875621890548,yes
stacktach-sandbox,64,rackspace,63,0.984375,yes
ironic-tempest-plugin,125,mirantis,40,0.32,no
qa-specs,48,hpe,12,0.25,no
placement,2900,rackspace,494,0.1703448275862069,no
openstack-ansible-os_swift,240,rackspace,178,0.7416666666666667,yes
salt-formula-cinder,73,tcp cloud,46,0.6301369863013698,yes
os-testr,89,hpe,46,0.5168539325842697,yes
charm-interface-barbican-hsm,2,canonical,2,1.0,yes
python-tuskarclient,132,red hat,102,0.7727272727272727,yes
rst2bash,15,independent,11,0.7333333333333333,yes
python-freezerclient,85,hp,30,0.35294117647058826,no
oaktree,6,red hat,5,0.8333333333333334,yes
freezer-api,192,independent,48,0.25,no
reno,175,red hat,92,0.5257142857142857,yes
charm-neutron-api-plumgrid,53,plumgrid,52,0.9811320754716981,yes
charm-ceph-mon,421,canonical,370,0.8788598574821853,yes
mogan,1238,huawei,381,0.3077544426494346,no
qinling,234,catalyst it,146,0.6239316239316239,yes
k8s-docker-suite-app-murano,111,mirantis,105,0.9459459459459459,yes
faafo,73,b1 systems gmbh,68,0.9315068493150684,yes
vmware-vspc,5,vmware,4,0.8,yes
fuel-ccp-grafana,1,dell,1,1.0,yes
stx-fault,14,intel,8,0.5714285714285714,yes
os-faults,138,mirantis,131,0.9492753623188406,yes
kolla-cli,421,oracle,409,0.9714964370546318,yes
stx-update,13,wind river system,10,0.7692307692307693,yes
ldappool,34,independent,13,0.38235294117647056,no
charm-glance,732,canonical,704,0.9617486338797814,yes
kingbird-dashboard,3,hp,2,0.6666666666666666,yes
stx-gplv3,13,wind river system,12,0.9230769230769231,yes
airship-tempest-plugin,4,at&t,4,1.0,yes
ansible-role-systemd_mount,11,rackspace,6,0.5454545454545454,yes
ansible-role-openstack-operations,17,red hat,16,0.9411764705882353,yes
openstack-ansible-rsyslog_client,85,rackspace,44,0.5176470588235295,yes
python-wsmanclient,5,red hat,4,0.8,yes
puppet-tempest,194,red hat,103,0.5309278350515464,yes
monasca-analytics,57,fujitsu,29,0.5087719298245614,yes
mixmatch,82,independent,37,0.45121951219512196,no
horizon-cisco-ui,20,cisco systems,11,0.55,yes
charm-interface-keystone,9,canonical,9,1.0,yes
cognitive,2,independent,2,1.0,yes
snap.openstack,44,canonical,44,1.0,yes
python-pankoclient,22,huawei,19,0.8636363636363636,yes
tripleo-ipsec,111,red hat,109,0.9819819819819819,yes
ceilometermiddleware,51,red hat,24,0.47058823529411764,no
monasca-notification,173,hp,107,0.6184971098265896,yes
openstack-ansible-os_horizon,191,rackspace,105,0.5497382198952879,yes
stx-docs,1,intel,1,1.0,yes
loci-trove,1,rackspace,1,1.0,yes
picasso,48,iron.io,47,0.9791666666666666,yes
charm-hacluster,194,canonical,184,0.9484536082474226,yes
stx-root,23,wind river system,22,0.9565217391304348,yes
fuel-ccp-keystone,62,mirantis,57,0.9193548387096774,yes
ara-clients,4,red hat,4,1.0,yes
cathead,6,hpe,4,0.6666666666666666,yes
openstack-ansible-os_ironic,168,rackspace,113,0.6726190476190477,yes
puppet-horizon,279,red hat,98,0.35125448028673834,no
valence,157,h3c,41,0.2611464968152866,no
omni,64,infracloud,47,0.734375,yes
ansible-role-k8s-tripleo,16,independent,16,1.0,yes
uc-recognition,4,openstack foundation,3,0.75,yes
fuel-plugin-contrail,609,mirantis,602,0.9885057471264368,yes
tripleo-incubator,943,hp,349,0.37009544008483564,no
puppet-vitrage,103,independent,40,0.3883495145631068,no
fuel-qa,1498,mirantis,1462,0.9759679572763685,yes
fuel-plugin-datera-cinder,13,independent,13,1.0,yes
monasca-kibana-plugin,17,fujitsu,12,0.7058823529411765,yes
openstackclient,10,fujitsu,2,0.2,no
snap-ceilometer,1,canonical,1,1.0,yes
freezer-dr,50,independent,32,0.64,yes
gantt,4556,rackspace,1564,0.34328358208955223,no
tempest-stress,13,nec,13,1.0,yes
murano-agent,137,mirantis,64,0.46715328467153283,no
stx-upstream,28,wind river system,22,0.7857142857142857,yes
nova-solver-scheduler,69,cisco systems,67,0.9710144927536232,yes
airship-promenade,264,independent,202,0.7651515151515151,yes
keystone-tempest-plugin,17,red hat,6,0.35294117647058826,no
kolla-kubernetes,546,cisco systems,199,0.36446886446886445,no
openstack-ansible-os_barbican,124,rackspace,66,0.532258064516129,yes
murano,1770,mirantis,1220,0.6892655367231638,yes
openstack-ansible-nspawn_container_create,23,rackspace,17,0.7391304347826086,yes
dash-stack,51,independent,51,1.0,yes
python-surveilclient,49,independent,45,0.9183673469387755,yes
networking-bagpipe,630,orange,572,0.9079365079365079,yes
xstatic-spin,1,red hat,1,1.0,yes
charm-tempest,49,canonical,44,0.8979591836734694,yes
charm-layer-openstack,39,canonical,37,0.9487179487179487,yes
fuel-plugin-midonet,71,independent,34,0.4788732394366197,no
fuel-specs,76,mirantis,69,0.9078947368421053,yes
designate,1719,hp,630,0.36649214659685864,no
stx-distcloud,2,wind river system,2,1.0,yes
oslo.middleware,182,hpe,45,0.24725274725274726,no
fuel-plugins,143,mirantis,116,0.8111888111888111,yes
solum-specs,5,rackspace,2,0.4,no
group-based-policy-specs,13,cisco systems,7,0.5384615384615384,yes
stx-gplv2,30,wind river system,26,0.8666666666666667,yes
publiccloud-wg,2,datacentred,1,0.5,yes
monitoring-for-openstack,112,red hat,65,0.5803571428571429,yes
glance,2964,rackspace,747,0.2520242914979757,no
nova,23520,rackspace,4959,0.21084183673469387,no
